<?xml version="1.0" encoding="UTF-8"?>
<?xml-stylesheet type="text/xsl" href="transformacion.xsl"?>
<biblioteca>
    <libro>
        <titulo>El Principito</titulo>
        <autor>Antoine de Saint-Exupéry</autor>
        <anio>1943</anio>
    </libro>
    <libro>
        <titulo>1984</titulo>
        <autor>George Orwell</autor>
        <anio>1949</anio>
    </libro>
    <libro>
        <titulo>Crimen y castigo</titulo>
        <autor>Fiódor Dostoyevski</autor>
        <anio>1866</anio>
    </libro>
</biblioteca>
